,Top,Age,f.IIIa_5Me,f.IIIa_6Me,f.IIIa_7Me,f.IIIb_5Me,f.IIIb_6Me,f.IIIb_7Me,f.IIIc_5Me,f.IIIc_6Me,f.IIIc_7Me,f.IIa_5Me,f.IIa_6Me,f.IIa_7Me,f.IIb_5Me,f.IIb_6Me,f.IIb_7Me,f.IIc_5Me,f.IIc_6Me,f.IIc_7Me,f.Ia,f.Ib,f.Ic,f.HbrGDGT,f.HisoGDGT,BIT,GDGT0.Crenar,IIIa.IIa,Ib.Ia,TEX86,MBT,MBTp,MBTp5Me,MBTp6Me,MBTm,CBT,CBT5Me,CBT6Me,Rib,Index1,Index2,IBT,DC,IR6Me,IR.IIap,IR.IIIap,CI,IR7Me,IR6_7Me,IRp6_7Me,pCren,MAAT_MBTp_DJ,MAAT_DJ_5Me,MAAT_soil_Naaf,MAAT_soil5Me_Naaf,MAAT_bog5Me_Naaf,MAAT_Ding,MAAT_Wang,MCQT_Ding,MAAT_Chen_Tjk,MAAT_mr_DJ,MAAT_mrs_DJ,MAAT_mr_Yang,MAAT_mr_Tibet,MAAT_LSun,MAF_MSosa,TsumL_mr_Pears1,TsumL_mr_Pears2,TgrowL_mr_Dang,LST_TEX86,MAAT_NMSDB_mr1,MAAT_NMSDB_mr2,MAAT_NMSDB_mr3,MAAT_NMSDB_mr4,MAAT_NMSDB_mr5,MAAT_NMSDB_mr6,MAAT_NMSDB_mr7,MAAT_NMSDB_mr8,MAAT_NMSDB_mr9,MAP_NMSDB_mr1,MAP_NMSDB_mr2,MAP_NMSDB_mr3,MAP_NMSDB_mr4,MAP_NMSDB_mr5,MAP_NMSDB_mr6,MAP_NMSDB_mr7,MAP_NMSDB_mr8,Tsum_NMSDB_mr1,Tsum_NMSDB_mr2,Tsum_NMSDB_mr3,Tsum_NMSDB_mr4,Tsum_NMSDB_mr5,Tsum_NMSDB_mr6,Tsum_NMSDB_mr7,Tsum_NMSDB_mr8
XRD5,5,56,0.0202020202020202,0.444444444444444,0,0,0.0101010101010101,0,0,0,0,0,0.363636363636364,0,0.0303030303030303,0.0303030303030303,0,0,0,0,0.0808080808080808,0.0202020202020202,0,0,0,0.810810810810811,3.23809523809524,1.27777777777778,0.25,0.727272727272727,0.101010101010101,0.102040816326531,0.666666666666667,0.10752688172043,0.0350877192982456,0.740362689494244,0.204119982655925,0.944482672150169,1.01010101010101,0.291484677757751,-0.516629796003336,-1.60205999132796,0.384615384615385,0.943820224719101,1,0.956521739130435,0.8,0,0.471910112359551,0.471910112359551,0.21,-0.224591143309914,12.3966666666667,11.4233333333333,11.56,11.7366666666667,-2.53461822319156,2.33372164644665,-9.4916303348066,13.9,9.07505050505051,7.02727272727273,20.2484848484848,20.5055555555556,25.283484810992,22.1472222222222,44.630303030303,22.4676767676768,-3.21747474747475,26.1454545454545,1.6040404040404,5.25555555555555,5.7050505050505,5.85353535353535,5.34141414141414,4.96262626262626,4.95151515151515,5.13030303030303,5.47878787878787,220.439393939394,186.429292929293,30.0383838383841,48.9232323232326,84.4080808080808,84.8595959595964,113.035353535354,108.755555555556,18.3020202020202,22.2171717171717,21.8111111111111,21.7606060606061,21.8515151515151,21.1020202020202,21.5383838383838,21.5464646464646
XRD10,10,141,0.0102040816326531,0.469387755102041,0,0,0.0102040816326531,0,0,0,0,0,0.36734693877551,0,0.0204081632653061,0.0306122448979592,0,0,0,0,0.0714285714285714,0.0204081632653061,0,0,0,0.789473684210526,2.66666666666667,1.30555555555556,0.285714285714286,0.769230769230769,0.0918367346938775,0.0927835051546392,0.75,0.0957446808510638,0.0175438596491228,0.78837041556533,0.243038048686294,0.934498451243568,1.03061224489796,0.286943534385376,-0.592916611888093,-1.91381385238372,0.363636363636364,0.966292134831461,1,0.978723404255319,0.875,0,0.48314606741573,0.48314606741573,0.237623762376238,-0.783771596461606,15.0175,14.7575,14.8175,16.085,-2.9361960555572,2.20824985506794,-9.87516970942189,15.5,8.92,6.85928571428571,20.5959183673469,20.6859183673469,28.1993942657431,24.925,45.3612244897959,22.6928571428571,-3.26438775510204,28.4615384615385,1.65,5.58979591836735,6.26428571428572,6.68979591836735,6.2265306122449,5.94795918367347,5.93367346938776,6.16734693877551,6.5030612244898,215.664285714286,180.470408163265,12.158163265306,29.2724489795917,47.8448979591836,37.5306122448978,68.805102040816,62.5081632653058,18.3714285714286,22.6163265306122,22.2102040816327,22.7795918367347,23.1204081632653,22.2826530612245,22.8173469387755,22.8571428571429
XRD20,20,441,0.02,0.44,0,0,0.01,0,0,0,0,0,0.36,0,0.04,0.02,0,0,0,0,0.08,0.03,0,0,0,0.810810810810811,3.28571428571429,1.27777777777778,0.375,0.8,0.11,0.111111111111111,0.647058823529412,0.118279569892473,0.0338983050847458,0.689210167046863,0.0579919469776867,0.944482672150169,1,0.296283560639519,-0.548814479374737,-1.60205999132796,0.466666666666667,0.932584269662921,1,0.956521739130435,0.8,0,0.466292134831461,0.466292134831461,0.21,0.346622797288734,11.78,10.6388235294118,10.7935294117647,10.7135294117647,-2.12723826294793,2.46631478046992,-9.10714135079841,13.5235294117647,9.315,7.0128,20.192,20.5092,24.8203063592363,21.4936274509804,44.658,23.433,-2.9269,30.16,1.608,5.196,5.726,5.6,4.988,4.651,4.647,4.854,5.221,220.028,162.262,7.52800000000001,23.806,70.834,54.962,87.493,84.38,18.308,22.268,21.74,21.422,21.394,20.689,21.137,21.277
XRD25,25,672,0.0101010101010101,0.484848484848485,0,0,0.0101010101010101,0,0,0,0,0,0.383838383838384,0,0,0.0303030303030303,0,0,0,0,0.0707070707070707,0.0101010101010101,0,0,0,0.776859504132231,2.18518518518519,1.28947368421053,0.142857142857143,0.785714285714286,0.0808080808080808,0.0816326530612245,0.888888888888889,0.0824742268041237,0.0178571428571429,1.05115252244738,0.845098040014257,1.05115252244738,1.01010101010101,0.282931773571185,-0.611014833980889,-1.93449845124357,0.125,0.989010989010989,1,0.979591836734694,0.875,0,0.494505494505495,0.494505494505495,0.27,-2.61942255737869,19.3855555555556,20.3144444444444,20.2466666666667,23.3322222222222,-4.11006076832444,2.09740490377184,-10.7669152466345,18.1666666666667,8.64070707070707,6.84636363636364,20.8393939393939,20.6877777777778,32.0370150530629,29.5546296296296,45.3818181818182,21.6838383838384,-3.80666666666667,29.3714285714286,1.65353535353535,5.7969696969697,6.38282828282828,7.3,6.83636363636364,6.57979797979798,6.54949494949495,6.78484848484848,7.12121212121212,215.29696969697,179.249494949495,2.31616161616154,20.771717171717,20.250505050505,12.408080808081,43.3181818181819,36.3858585858587,18.3767676767677,22.7343434343434,22.4575757575758,23.5515151515152,24.0707070707071,23.0727272727273,23.6888888888889,23.730303030303
XRD30,30,918,0.01,0.48,0,0,0,0,0,0,0,0,0.4,0,0.01,0.02,0,0,0,0,0.06,0.01,0.01,0,0,0.766129032258065,1.93103448275862,1.225,0.166666666666667,0.8,0.08,0.08,0.8,0.0816326530612245,0.0175438596491228,1.06069784035361,0.477121254719662,1.18563657696191,1,0.28330122870355,-0.735953570589189,-1.94448267215017,0.25,0.978260869565217,1,0.979591836734694,0.857142857142857,0,0.489130434782609,0.489130434782609,0.29,-2.72415675480498,16.59,16.758,16.772,18.694,-4.16335172199167,2.10761294907907,-10.8118654647426,16.46,8.799,6.6546,20.665,20.6896,28.5869169789022,26.5916666666667,45.611,21.676,-2.0693,30.16,1.706,5.732,6.325,7.084,6.458,6.108,6.09,6.273,6.648,209.846,148.046,-24.706,-43.066,-0.0579999999999892,7.14300000000001,37.012,32.187,18.456,22.656,22.936,23.324,23.572,22.962,23.568,23.643
XRD35,35,1158,0.0297029702970297,0.425742574257426,0,0,0.0099009900990099,0,0,0,0,0.0396039603960396,0.356435643564356,0,0.0198019801980198,0.0297029702970297,0,0,0,0,0.0693069306930693,0.0099009900990099,0.0099009900990099,0,0,0.732283464566929,1.44117647058824,1.15,0.142857142857143,0.823529411764706,0.0891089108910891,0.09,0.5,0.0989010989010989,0.0517241379310345,0.893946607552074,0.564271430438563,1.03140846425162,0.99009900990099,0.236912496052232,-0.443697499232713,-1.05252905127618,0.214285714285714,0.902173913043478,0.9,0.934782608695652,0.5,0,0.451086956521739,0.451086956521739,0.34,-1.46867726482026,7.155,4.755,5.045,3.04,-3.36329313675742,0.825892265923176,-10.180951242196,10.7,7.81950495049505,6.07792079207921,19.6227722772277,20.3341584158416,18.0556566239613,16.5916666666667,42.8930693069307,20.7871287128713,-3.66207920792079,31.4588235294118,1.66039603960396,5.00495049504951,5.16237623762377,5.67920792079208,5.18712871287129,4.54257425742575,4.53267326732674,4.62475247524753,4.97623762376238,214.584158415842,176.880198019802,33.688118811881,20.7930693069305,44.8405940594059,90.003960396039,93.4366336633658,91.7217821782174,18.3871287128713,21.7920792079208,22.0623762376238,21.7940594059406,21.9623762376238,21.0376237623762,21.4950495049505,21.4613861386139
XRD40,40,1393,0.03,0.44,0,0.01,0.01,0,0,0.01,0,0.06,0.31,0,0.02,0.04,0,0,0,0,0.06,0.01,0,0,0,0.708661417322835,1.18918918918919,1.27027027027027,0.166666666666667,0.777777777777778,0.07,0.0721649484536082,0.388888888888889,0.0813953488372093,0.0666666666666667,0.78837041556533,0.602059991327962,0.869231719730976,0.99,0.189537982782928,-0.40205657486687,-0.920818753952375,0.2,0.870967741935484,0.837837837837838,0.936170212765957,0.4,0,0.435483870967742,0.435483870967742,0.373737373737374,-1.42294685419356,3.66055555555555,0.309444444444441,0.701666666666666,-2.75777777777778,-3.50700830045516,-0.483065535707708,-10.5481778726872,8.56666666666666,6.739,5.5284,19.342,20.7176,14.4002553768542,12.887962962963,42.315,20.546,1.7797,28.9333333333333,1.706,5.314,5.331,5.816,5.576,5.157,5.138,4.971,5.295,209.846,193.844,45.782,70.04,96.554,110.36,131.603,150.76,18.456,22.02,21.911,21.248,21.604,21.077,21.258,21.17
XRD45,45,1640,0.04,0.39,0,0,0.01,0,0,0.01,0,0.05,0.33,0,0.03,0.05,0,0,0.01,0,0.06,0.02,0,0,0,0.669230769230769,0.837209302325581,1.13157894736842,0.333333333333333,0.8,0.08,0.0816326530612245,0.4,0.0930232558139535,0.0727272727272727,0.643452676486187,0.342422680822206,0.745966567012242,0.99,0.221848749616356,-0.359021942641668,-0.903089986991944,0.3125,0.869565217391304,0.868421052631579,0.906976744186047,0.4,0,0.434782608695652,0.434782608695652,0.434343434343434,-0.307764430778724,4.01,0.753999999999998,1.136,-2.178,-2.75723551975845,0.409680951899927,-9.93565062062099,8.78,7.284,5.7161,19.241,20.1484,15.6353691804128,13.2583333333333,42.151,21.442,1.0326,30.16,1.706,4.526,4.537,4.843,4.552,4.272,4.252,4.159,4.415,209.846,216.743,98.018,124.934,144.222,180.349,202.488,216.851,18.456,21.349,20.94,20.346,20.464,19.569,19.989,19.893
XRD50,50,1883,0.0404040404040404,0.373737373737374,0,0.0101010101010101,0.0101010101010101,0,0,0.0101010101010101,0,0.0707070707070707,0.292929292929293,0,0.0303030303030303,0.0505050505050505,0,0,0.0101010101010101,0,0.0606060606060606,0.0202020202020202,0.0202020202020202,0,0,0.614814814814815,0.480769230769231,1.13888888888889,0.333333333333333,0.782608695652174,0.101010101010101,0.104166666666667,0.416666666666667,0.121951219512195,0.0862068965517241,0.6232492903979,0.414973347970818,0.698970004336019,1.01010101010101,0.181843587944773,-0.301029995663981,-0.778151250383644,0.277777777777778,0.831460674157303,0.805555555555556,0.902439024390244,0.352941176470588,0,0.415730337078652,0.415730337078652,0.52,0.505343190110571,4.53416666666667,1.42083333333333,1.7875,-1.30833333333334,-2.13994606823688,-0.695661665085935,-9.24569219670428,9.1,7.40232323232323,5.33828282828283,18.9535353535354,20.5338383838384,16.3852500521379,13.8138888888889,41.3484848484849,21.2050505050505,2.05747474747475,29.2,1.7030303030303,4.42727272727273,4.32828282828283,4.6989898989899,4.52323232323232,3.65656565656566,3.66969696969697,3.41414141414141,3.7010101010101,210.154545454545,218.330303030303,108.727272727273,60.8252525252523,92.4383838383838,188.687878787879,165.407070707071,186.279797979798,18.4515151515151,21.0929292929293,21.9757575757576,20.2989898989899,20.5292929292929,19.7656565656566,20.0383838383838,19.840404040404
XRD60,60,2227,0.0707070707070707,0.313131313131313,0,0.0202020202020202,0.0101010101010101,0,0,0,0,0.0707070707070707,0.282828282828283,0,0.0707070707070707,0.0505050505050505,0,0,0,0,0.0707070707070707,0.0303030303030303,0.0101010101010101,0,0,0.62015503875969,0.551020408163265,1.08571428571429,0.428571428571428,0.730769230769231,0.111111111111111,0.114583333333333,0.34375,0.146666666666667,0.155172413793103,0.447158031342219,0.146128035678238,0.640978057358332,1.03030303030303,0.182340208332683,-0.190814515876388,-0.624723975963906,0.416666666666667,0.738636363636364,0.8,0.815789473684211,0.333333333333333,0,0.369318181818182,0.369318181818182,0.480392156862745,1.82669729562295,2.2409375,-1.4965625,-1.0628125,-5.113125,-1.28247812117883,-0.681940043767977,-8.56458742137422,7.7,7.48919191919192,5.51919191919192,17.8383838383838,20.379898989899,14.583763880703,11.3833333333333,39.5161616161616,21.5747474747475,-1.35818181818182,26.3384615384615,1.65353535353535,3.73434343434343,2.89494949494949,2.11919191919192,1.79191919191919,0.653535353535352,0.668686868686868,0.494949494949495,0.855555555555555,215.29696969697,225.510101010101,147.891919191919,140.627272727273,236.274747474747,340.347474747475,323.457575757576,329.525252525253,18.3767676767677,20.2545454545455,20.6171717171717,17.710101010101,17.0070707070707,16.589898989899,16.5,16.1181818181818
XRD65,65,2392,0.0686274509803922,0.274509803921569,0,0.00980392156862745,0.00980392156862745,0,0,0,0,0.0784313725490196,0.284313725490196,0,0.0784313725490196,0.0686274509803922,0,0,0,0,0.0784313725490196,0.0392156862745098,0.00980392156862745,0,0,0.62015503875969,0.510204081632653,0.945945945945946,0.5,0.769230769230769,0.127450980392157,0.13,0.361111111111111,0.168831168831169,0.137931034482759,0.374458912822515,0.1249387366083,0.52680903890877,0.980392156862745,0.201645363528069,-0.12831847725968,-0.57978359661681,0.428571428571428,0.730337078651686,0.783783783783784,0.8,0.347826086956522,0,0.365168539325843,0.365168539325843,0.49,2.71681796429634,2.78694444444444,-0.801944444444445,-0.384166666666665,-4.20722222222222,-0.610357908760894,-0.148538605719445,-7.90832450124101,8.03333333333333,7.62098039215686,5.51254901960784,17.7352941176471,20.013137254902,15.6537901894726,11.962037037037,39.1794117647059,22.3990196078431,-1.8421568627451,28.4615384615385,1.6156862745098,3.09411764705883,2.53627450980392,1.68823529411765,1.46960784313726,0.493137254901959,0.513725490196078,0.444117647058822,0.718627450980393,219.229411764706,272.499019607843,216.807843137255,212.171568627451,290.98431372549,399.685294117647,384.103921568628,385.168627450981,18.3196078431373,19.7509803921569,19.8049019607843,17.4343137254902,16.7009803921569,16.3,16.3313725490196,15.8470588235294
XRD70,70,2568,0.05,0.32,0,0.01,0.01,0,0,0,0,0.07,0.3,0,0.05,0.07,0,0,0,0,0.07,0.04,0.01,0,0,0.692307692307692,1.22222222222222,1,0.571428571428571,0.714285714285714,0.12,0.122448979591837,0.413793103448276,0.148148148148148,0.105263157894737,0.439332693830263,0.191885526238913,0.52680903890877,1.01,0.216019205955632,-0.196294645143968,-0.713210443450629,0.391304347826087,0.795454545454545,0.810810810810811,0.864864864864865,0.368421052631579,0,0.397727272727273,0.397727272727273,0.356435643564356,2.11490199332935,4.44379310344828,1.30586206896552,1.67517241379311,-1.45827586206896,-1.02375117820799,0.248610660554125,-8.27419865704355,9.0448275862069,7.745,5.5198,18.675,20.3568,17.3040881054763,13.7181034482759,40.665,22.959,-2.1331,25.4285714285714,1.657,3.706,3.569,3.432,3.301,2.543,2.551,2.609,2.856,214.937,269.649,190.287,180.883,219.83,302.068,293.222,290.232,18.382,20.484,20.547,19.587,19.381,18.791,19.06,18.654
XRD75,75,2747,0.0495049504950495,0.287128712871287,0,0.0099009900990099,0.0099009900990099,0,0,0,0,0.0792079207920792,0.297029702970297,0,0.0594059405940594,0.0594059405940594,0,0,0,0,0.099009900990099,0.0396039603960396,0.0099009900990099,0,0,0.700854700854701,1.31428571428571,0.894736842105263,0.4,0.714285714285714,0.148514851485149,0.151515151515152,0.441176470588235,0.1875,0.101694915254237,0.477121254719662,0.255272505103306,0.602059991327962,1.00990099009901,0.23576326415139,-0.131887596563628,-0.656908659335307,0.357142857142857,0.767441860465116,0.789473684210526,0.852941176470588,0.434782608695652,0,0.383720930232558,0.383720930232558,0.343137254901961,2.80169218270921,5.305,2.40147058823529,2.74558823529412,-0.0294117647058805,-0.40572041058348,0.794138988502895,-7.47472691213901,9.57058823529412,7.96405940594059,5.86653465346535,18.3910891089109,20.3618811881188,18.1391372929412,14.6308823529412,39.7435643564356,22.819801980198,-1.76207920792079,25.4285714285714,1.51485148514851,3.26435643564356,3.17425742574257,2.83366336633663,2.57029702970297,1.8039603960396,1.82178217821782,1.84554455445544,2.07920792079208,229.705940594059,266.009900990099,197.461386138614,189.011881188119,232.610891089109,327.537623762376,316.286138613861,313.483168316832,18.1673267326733,19.9564356435644,20.0138613861386,18.890099009901,18.3752475247525,17.7851485148515,18.0108910891089,17.6277227722772
XRD80,80,2910,0.0606060606060606,0.303030303030303,0,0.0101010101010101,0.0101010101010101,0,0,0,0,0.0404040404040404,0.323232323232323,0,0.0606060606060606,0.0606060606060606,0,0,0,0,0.0707070707070707,0.0303030303030303,0.0303030303030303,0,0,0.669491525423729,1.02564102564103,1,0.428571428571428,0.714285714285714,0.131313131313131,0.134020618556701,0.448275862068965,0.160493827160494,0.12962962962963,0.457377196523905,0.0871501757189003,0.636822097587174,1.01010101010101,0.241592807812113,-0.204119982655925,-0.792391689498254,0.45,0.802325581395349,0.888888888888889,0.833333333333333,0.411764705882353,0,0.401162790697674,0.401162790697674,0.39,2.37131047096719,5.52827586206896,2.68551724137931,3.02310344827586,0.341034482758616,-0.788835899760309,0.955209279848695,-7.9634214056295,9.70689655172414,9.05080808080808,6.0879797979798,18.5949494949495,20.1693939393939,18.5208548570832,14.8675287356322,41.1808080808081,22.1454545454545,-2.17292929292929,25.4285714285714,1.65353535353535,3.47979797979798,3.02424242424242,2.65959595959596,2.31919191919192,0.838383838383843,0.87474747474748,0.733333333333339,1.06060606060606,215.29696969697,248.640404040404,177.770707070707,95.5626262626263,167.276767676768,327.896969696969,272.228282828283,276.944444444444,18.3767676767677,20.0939393939394,21.4060606060606,18.6212121212121,18.0414141414141,17.479797979798,17.6050505050505,17.1484848484849
XRD85,85,3083,0.0510204081632653,0.316326530612245,0,0.0204081632653061,0.0102040816326531,0,0,0,0,0.0510204081632653,0.316326530612245,0,0.0510204081632653,0.0612244897959184,0,0,0,0,0.0816326530612245,0.0306122448979592,0.0102040816326531,0,0,0.661157024793388,0.878048780487805,1,0.375,0.739130434782609,0.122448979591837,0.126315789473684,0.444444444444444,0.15,0.127272727272727,0.497324640807949,0.210853365314893,0.636822097587174,1.02040816326531,0.245982429333076,-0.181420092560748,-0.792391689498254,0.380952380952381,0.802325581395349,0.861111111111111,0.861111111111111,0.444444444444444,0,0.401162790697674,0.401162790697674,0.41,1.90595876030314,5.40777777777778,2.53222222222222,2.87333333333333,0.141111111111112,-1.15516771299218,1.07649452247288,-8.32050419467629,9.63333333333333,8.25061224489796,6.08438775510204,18.7887755102041,20.7430612244898,18.1510188395167,14.7398148148148,41.0714285714286,22.2448979591837,-1.22755102040816,26.8,1.6,3.7795918367347,3.43061224489796,3.28265306122449,3.01224489795919,2.05204081632653,2.06122448979592,1.98571428571428,2.25306122448979,220.859183673469,257.822448979592,176.951020408163,168.419387755102,216.277551020408,336.05918367347,317.791836734694,316.228571428571,18.2959183673469,20.3091836734694,20.6775510204082,19.3448979591837,18.7979591836735,18.130612244898,18.2663265306122,17.7724489795918
XRD90,90,3237,0.0594059405940594,0.306930693069307,0,0.0099009900990099,0.0099009900990099,0,0,0,0,0.0693069306930693,0.297029702970297,0,0.0495049504950495,0.0693069306930693,0,0,0,0,0.0792079207920792,0.0396039603960396,0.0099009900990099,0,0,0.694915254237288,1.22222222222222,1,0.5,0.736842105263158,0.128712871287129,0.131313131313131,0.419354838709677,0.160493827160494,0.12280701754386,0.449092531119419,0.221848749616356,0.538390911458585,0.98019801980198,0.216019205955632,-0.166331421766525,-0.67138648270393,0.375,0.784090909090909,0.810810810810811,0.837837837837838,0.380952380952381,0,0.392045454545454,0.392045454545454,0.363636363636364,2.33435241925997,4.61870967741936,1.52838709677419,1.89258064516129,-1.16806451612903,-0.828887374426897,0.248610660554125,-8.02616362228147,9.15161290322581,7.90861386138614,5.69772277227723,18.5267326732673,20.1832673267327,17.462031925062,13.9034946236559,39.9950495049505,22.7356435643564,-2.36445544554455,26.6736842105263,1.61188118811881,3.52970297029703,3.16930693069307,2.95445544554455,2.8009900990099,1.99207920792079,1.9960396039604,2.02970297029703,2.2980198019802,219.624752475248,274.606930693069,200.441584158416,192.042574257426,241.193069306931,318.943564356436,310.191089108911,309.474257425742,18.3138613861386,20.2712871287129,20.3306930693069,18.9871287128713,18.7059405940594,18.1920792079208,18.4128712871287,18.0257425742574
XRD95,95,3360,0.0594059405940594,0.297029702970297,0,0.0099009900990099,0.0099009900990099,0,0,0,0,0.0495049504950495,0.297029702970297,0,0.0693069306930693,0.0792079207920792,0,0,0.0099009900990099,0,0.0693069306930693,0.0396039603960396,0.0099009900990099,0,0,0.666666666666667,1,1.02857142857143,0.571428571428571,0.727272727272727,0.118811881188119,0.121212121212121,0.4,0.148148148148148,0.127272727272727,0.344495689445071,0.0377885608893998,0.48902047801937,0.99009900990099,0.234083206033368,-0.165625825377516,-0.736758565225418,0.478260869565217,0.786516853932584,0.857142857142857,0.833333333333333,0.388888888888889,0,0.393258426966292,0.393258426966292,0.39,2.6142851984222,4.01,0.753999999999998,1.136,-2.178,-0.735207899172465,0.747718982701956,-8.11165876961683,8.78,8.30564356435644,5.89207920792079,18.4455445544554,20.1832673267327,17.3074356089337,13.2583333333333,40.9366336633663,22.9732673267327,-1.87405940594059,26.1454545454545,1.66039603960396,3.3970297029703,3.04752475247525,2.45841584158416,2.34158415841584,1.48019801980198,1.4970297029703,1.47623762376238,1.71089108910891,214.584158415842,290.241584158416,224.987128712871,218.79900990099,281.90198019802,400.806930693069,387.479207920792,383.540594059406,18.3871287128713,20.1138613861386,20.1722772277228,18.380198019802,17.9009900990099,17.1762376237624,17.3970297029703,16.8564356435644
XRD100,100,3478,0.0714285714285714,0.326530612244898,0,0.0102040816326531,0.0102040816326531,0,0,0,0,0.0306122448979592,0.306122448979592,0,0.0714285714285714,0.0612244897959184,0,0,0.0102040816326531,0,0.0612244897959184,0.0306122448979592,0.0102040816326531,0,0,0.678260869565217,1.10810810810811,1.18181818181818,0.5,0.727272727272727,0.102040816326531,0.104166666666667,0.37037037037037,0.126582278481013,0.150943396226415,0.386944624370574,-0.0457574905606751,0.602059991327962,1.02040816326531,0.223864040851682,-0.243038048686294,-0.792391689498254,0.526315789473684,0.795454545454545,0.909090909090909,0.82051282051282,0.375,0,0.397727272727273,0.397727272727273,0.37,1.84519064648551,3.07814814814814,-0.431481481481486,-0.0222222222222239,-3.72407407407408,-1.31665644535333,0.46536344873197,-8.71768575199453,8.21111111111111,8.48530612244898,6.1019387755102,18.3540816326531,19.9781632653061,15.9377816788583,12.2706790123457,41.1632653061224,22.0714285714286,-2.35367346938776,26.1454545454545,1.7,3.79591836734694,3.04387755102041,2.22244897959184,1.91836734693878,0.87551020408163,0.886734693877549,0.779591836734692,1.12551020408163,210.469387755102,243.316326530612,161.397959183674,153.530612244898,249.902040816326,355.208163265307,343.323469387755,345.923469387755,18.4469387755102,20.4714285714286,20.6663265306122,17.7673469387755,17.1857142857143,16.5132653061224,16.6122448979592,16.2316326530612
XRD105,105,3598,0.0505050505050505,0.313131313131313,0,0.0101010101010101,0.0101010101010101,0,0,0,0,0.0404040404040404,0.323232323232323,0,0.0505050505050505,0.0606060606060606,0,0,0.0101010101010101,0,0.0808080808080808,0.0202020202020202,0.0303030303030303,0,0,0.695652173913043,1.17142857142857,1,0.25,0.72,0.131313131313131,0.134020618556701,0.481481481481481,0.156626506024096,0.111111111111111,0.529509324179351,0.234083206033368,0.698970004336019,1.02020202020202,0.247345136701205,-0.204119982655925,-0.845098040014257,0.368421052631579,0.825581395348837,0.888888888888889,0.861111111111111,0.470588235294118,0,0.412790697674419,0.412790697674419,0.346534653465347,1.96232130716081,6.57259259259259,4.01407407407407,4.32111111111111,2.0737037037037,-1.03192116995916,1.11414612705429,-8.11489887370593,10.3444444444444,8.96191919191919,6.26888888888889,18.8323232323232,20.3516161616162,19.3863062017167,15.9743827160494,41.510101010101,21.3616161616162,-2.17636363636364,25.744,1.6040404040404,3.61515151515151,3.32929292929293,3.29494949494949,2.9969696969697,1.61919191919192,1.65454545454546,1.50505050505051,1.78888888888889,220.439393939394,255.820202020202,176.886868686869,95.6181818181819,147.927272727273,331.416161616161,274.985858585858,275.338383838384,18.3020202020202,20.1292929292929,21.5676767676768,19.4020202020202,19.0121212121212,18.0575757575758,18.3282828282828,17.830303030303
XRD110,110,3716,0.03,0.29,0,0.01,0.01,0,0,0,0,0.06,0.34,0,0.02,0.05,0,0,0,0,0.16,0.03,0,0,0,0.698412698412698,0.842105263157895,0.8,0.1875,0.733333333333333,0.19,0.193877551020408,0.633333333333333,0.218390804597701,0.0701754385964912,0.7481880270062,0.643452676486187,0.795880017344075,1,0.334030255766907,-0.074633618296904,-0.845098040014257,0.185185185185185,0.851851851851852,0.85,0.90625,0.64,0,0.425925925925926,0.425925925925926,0.38,2.5779779685075,11.3483333333333,10.0896666666667,10.257,9.99733333333333,-0.234793651010895,3.50925596683963,-6.76539485671302,13.26,8.967,7.3194,19.566,20.7176,23.965951031621,21.0361111111111,40.225,22.508,-2.123,26.48,1.216,3.304,3.63,4.201,3.817,3.515,3.503,3.655,3.813,260.756,287.823,202.548,228.464,213.937,280.788,291.35,281.172,17.716,19.883,19.511,20.601,20.213,19.31,19.798,19.488
XRD115,115,3835,0.0404040404040404,0.393939393939394,0,0.0101010101010101,0.0101010101010101,0,0,0,0,0.0101010101010101,0.363636363636364,0,0.0404040404040404,0.0404040404040404,0,0,0,0,0.0707070707070707,0.0202020202020202,0,0,0,0.659090909090909,0.488888888888889,1.16216216216216,0.285714285714286,0.757575757575758,0.0909090909090909,0.0927835051546392,0.5,0.102272727272727,0.0925925925925926,0.643452676486187,0.1249387366083,0.855317205195943,1.01010101010101,0.280826609575694,-0.388180171382881,-1.17609125905568,0.428571428571428,0.888888888888889,0.972972972972973,0.906976744186047,0.583333333333333,0,0.444444444444444,0.444444444444445,0.45,0.0379119841171316,7.155,4.755,5.045,3.04,-2.47207188339482,2.03923922257643,-9.59943243880281,10.7,8.61343434343434,6.65676767676768,19.5888888888889,20.5338383838384,19.4566691804128,16.5916666666667,43.3858585858586,21.9323232323232,-2.44666666666667,27.8181818181818,1.65353535353535,4.6979797979798,4.57676767676768,4.55151515151515,4.04141414141414,3.42424242424242,3.41010101010101,3.44949494949495,3.78080808080808,215.29696969697,202.379797979798,77.9646464646464,103.157575757576,149.70404040404,205.341414141415,219.631313131313,216.640404040404,18.3767676767677,21.4141414141414,21.1757575757576,20.4434343434343,20.0656565656566,19.2585858585859,19.5444444444444,19.3353535353535
XRD120,120,3950,0.07,0.37,0,0.02,0.01,0,0,0,0,0.02,0.34,0,0.07,0.03,0,0,0,0,0.06,0.01,0,0,0,0.627737226277372,0.411764705882353,1.22222222222222,0.166666666666667,0.821428571428572,0.07,0.0721649484536082,0.304347826086956,0.0864197530864197,0.163636363636364,0.581856605239675,0,1,1,0.229336771008906,-0.340538536947655,-0.89701583927975,0.5,0.806451612903226,0.944444444444444,0.840909090909091,0.4,0,0.403225806451613,0.403225806451613,0.51,-0.252013549647105,1.00173913043478,-3.07304347826087,-2.60304347826087,-7.16913043478261,-2.81105675965771,0.616574982976082,-10.1144988710033,6.94347826086956,7.883,6.2792,18.315,20.3848,12.3247194851554,10.0699275362319,41.659,20.206,-1.6622,31.3428571428571,1.706,4.494,3.466,2.633,1.984,0.907,0.901,0.666999999999999,1.103,209.846,170.945,61.514,92.39,203.962,299.528,301.694,308.065,18.456,20.907,20.962,17.912,16.916,16.319,16.177,15.885
XRD125,125,4071,0.09,0.33,0,0.03,0.01,0,0,0,0,0.03,0.29,0,0.11,0.03,0,0,0,0,0.07,0.01,0,0,0,0.613636363636364,0.313725490196078,1.3125,0.142857142857143,0.818181818181818,0.08,0.0833333333333333,0.258064516129032,0.10958904109589,0.206896551724138,0.414973347970818,-0.0791812460476248,0.954242509439325,1,0.191885526238913,-0.238239165804526,-0.713210443450629,0.545454545454545,0.717391304347826,0.90625,0.785714285714286,0.368421052631579,0,0.358695652173913,0.358695652173913,0.51,1.0404344503388,-0.453870967741937,-4.92483870967742,-4.41225806451613,-9.5841935483871,-1.98726018266166,-0.418202910018832,-9.45584403073872,6.05483870967742,7.768,6.2706,17.137,20.4128,11.4894734196379,8.52715053763441,40.009,19.676,-0.261900000000001,31.1636363636364,1.657,4.076,2.472,0.593,-0.0449999999999999,-1.517,-1.498,-1.965,-1.468,214.937,178.053,88.959,123.02,301.273,428.973,419.868,433.692,18.382,20.271,20.493,15.237,13.675,13.511,12.894,12.434
XRD130,130,4183,0.111111111111111,0.333333333333333,0,0.0303030303030303,0.0101010101010101,0,0,0,0,0.0303030303030303,0.252525252525253,0,0.131313131313131,0.0303030303030303,0,0,0,0,0.0606060606060606,0.0101010101010101,0,0,0,0.604651162790698,0.333333333333333,1.57142857142857,0.166666666666667,0.818181818181818,0.0707070707070707,0.0736842105263158,0.205882352941176,0.102941176470588,0.23728813559322,0.301029995663981,-0.191885526238913,0.88930170250631,1.02020202020202,0.140815498707138,-0.24073409377673,-0.617299957884699,0.608695652173913,0.673913043478261,0.892857142857143,0.75,0.3,0,0.33695652173913,0.33695652173913,0.504950495049505,1.38737045090102,-2.095,-7.01264705882353,-6.45205882352941,-12.3070588235294,-1.84618825710479,-1.82926777072178,-9.50297107170244,5.05294117647059,7.60131313131313,6.09666666666667,16.3979797979798,20.0437373737374,10.1327215871925,6.78774509803922,39.0646464646465,19.2494949494949,-0.407575757575758,31.1636363636364,1.7030303030303,4.12424242424242,1.98383838383838,-0.622222222222212,-1.2131313131313,-2.93232323232322,-2.90606060606059,-3.48383838383837,-2.88585858585857,210.154545454545,172.069696969697,83.2969696969699,117.784848484849,353.436363636363,463.174747474747,454.464646464646,476.523232323232,18.4515151515151,20.3252525252525,20.5515151515151,13.4464646464647,11.7919191919192,12.0373737373738,11.1191919191919,10.679797979798
XRD135,135,4302,0.101010101010101,0.333333333333333,0,0.0303030303030303,0.0101010101010101,0,0,0,0,0.0404040404040404,0.262626262626263,0,0.111111111111111,0.0303030303030303,0,0,0,0,0.0606060606060606,0.0202020202020202,0,0,0,0.598484848484849,0.30188679245283,1.43333333333333,0.333333333333333,0.806451612903226,0.0808080808080808,0.0842105263157895,0.242424242424242,0.114285714285714,0.220338983050847,0.352182518111362,-0.113943352306837,0.806179973983887,1.01010101010101,0.153976944765109,-0.24073409377673,-0.624723975963906,0.565217391304348,0.692307692307692,0.866666666666667,0.767441860465116,0.3,0,0.346153846153846,0.346153846153846,0.53,1.42365143809805,-0.945757575757575,-5.55060606060606,-5.02363636363636,-10.400303030303,-1.75453185371206,-1.46561701614004,-9.29907823752881,5.75454545454546,7.5740404040404,5.90707070707071,16.9030303030303,20.2259595959596,11.2430007519607,8.00580808080808,39.230303030303,20.3262626262626,-0.532626262626263,30.5161290322581,1.7030303030303,4.12424242424242,2.31010101010101,0.234343434343436,-0.326262626262627,-1.79393939393939,-1.77777777777777,-2.21717171717172,-1.67272727272727,210.154545454545,172.069696969697,83.2969696969699,114.99696969697,311.682828282828,401.269696969697,398.387878787879,416.331313131313,18.4515151515151,20.450505050505,20.5515151515151,14.7323232323232,13.3464646464646,13.3828282828283,12.7242424242424,12.3868686868687
XRD140,140,4422,0.0714285714285714,0.387755102040816,0,0.0204081632653061,0.0102040816326531,0,0,0,0,0.0306122448979592,0.295918367346939,0,0.0816326530612245,0.0306122448979592,0,0,0,0,0.0612244897959184,0.0102040816326531,0,0,0,0.605839416058394,0.314814814814815,1.40625,0.166666666666667,0.827586206896552,0.0714285714285714,0.0736842105263158,0.28,0.0909090909090909,0.155172413793103,0.500602350569185,0,0.942008053022313,1.02040816326531,0.187990482355389,-0.338818556553381,-0.826074802700826,0.5,0.78021978021978,0.90625,0.844444444444444,0.375,0,0.39010989010989,0.39010989010989,0.54,0.255795198588509,0.235999999999999,-4.0472,-3.5548,-8.4396,-2.4998870642753,-0.525822972520603,-9.89983636476672,6.476,7.60571428571429,6.1019387755102,17.9469387755102,20.3748979591837,11.8487710532665,9.25833333333333,41.1632653061224,20.069387755102,-1.50816326530612,31.6827586206897,1.7,4.73673469387755,3.65,2.42448979591837,1.90714285714285,0.751020408163265,0.757142857142856,0.481632653061223,0.967346938775506,210.469387755102,173.217346938776,53.5081632653064,82.4704081632655,223.407142857143,294.613265306123,299.375510204082,309.854081632653,18.4469387755102,21.1918367346939,21.2530612244898,17.3887755102041,16.5744897959184,16.3051020408163,15.9714285714286,15.6948979591837
XRD145,145,4537,0.1,0.32,0,0.02,0.01,0,0,0,0,0.04,0.26,0,0.12,0.03,0,0,0,0,0.07,0.02,0.01,0,0,0.585185185185185,0.178571428571429,1.4,0.285714285714286,0.823529411764706,0.1,0.103092783505155,0.277777777777778,0.140845070422535,0.2,0.337752802688721,-0.104735350520013,0.819543935541869,1,0.160411054770519,-0.231394067522587,-0.617299957884699,0.56,0.688888888888889,0.866666666666667,0.761904761904762,0.333333333333333,0,0.344444444444444,0.344444444444444,0.56,2.09081789741475,0.16611111111111,-4.13611111111111,-3.64166666666667,-8.55555555555556,-1.20422694506099,-1.28784255669057,-8.67728088564632,6.43333333333333,8.085,6.0829,16.768,19.8436,12.6746707967842,9.18425925925926,39.103,20.332,-1.1782,31.4588235294118,1.657,3.824,2.17,-0.0879999999999998,-0.673,-2.33,-2.293,-2.733,-2.179,214.937,178.053,94.623,89.127,294.795,399.391,379.626,399.448,18.382,20.236,20.718,14.335,12.955,13.094,12.448,12.136
XRD150,150,4645,0.111111111111111,0.323232323232323,0,0.0101010101010101,0.0202020202020202,0,0,0,0,0.0505050505050505,0.252525252525253,0,0.0202020202020202,0.131313131313131,0,0,0,0,0.0606060606060606,0.0202020202020202,0,0,0,0.598484848484849,0.169811320754717,1.43333333333333,0.333333333333333,0.789473684210526,0.0808080808080808,0.0833333333333333,0.307692307692308,0.102564102564103,0.25,0.325853579389013,0.439332693830263,0.315270434778591,1.01010101010101,0.131672119267268,-0.101457640758777,-0.551754873016567,0.266666666666667,0.791208791208791,0.833333333333333,0.744186046511628,0.272727272727273,0,0.395604395604396,0.395604395604396,0.53,1.54574353819763,1.10692307692308,-2.93923076923077,-2.47230769230769,-6.99461538461539,-1.66580333021774,-2.08189934464537,-9.24378746621188,7.00769230769231,7.28515151515152,5.71747474747475,18.1848484848485,19.2582828282828,13.8843470843234,10.1814102564103,38.3151515151515,19.9979797979798,-6.1949494949495,29.5789473684211,1.7030303030303,3.75050505050505,1.93232323232323,1.97070707070707,2.48787878787879,1.30404040404041,1.25656565656566,1.17070707070707,1.5030303030303,210.154545454545,403.372727272727,330.593939393939,367.377777777777,415.904040404039,477.241414141413,460.989898989898,467.952525252524,18.4515151515151,20.289898989899,20.0444444444444,17.5686868686869,18.0050505050505,17.6090909090909,17.4787878787879,16.6858585858586
XRD160,160,4786,0.102040816326531,0.316326530612245,0,0.0204081632653061,0.0102040816326531,0,0,0,0,0.0612244897959184,0.255102040816327,0,0.112244897959184,0.0408163265306122,0,0,0,0,0.0612244897959184,0.0204081632653061,0,0,0,0.604651162790698,0.235294117647059,1.32258064516129,0.333333333333333,0.805555555555556,0.0816326530612245,0.0842105263157895,0.228571428571429,0.117647058823529,0.206896551724138,0.337752802688721,-0.034762106259212,0.713210443450629,1.01020408163265,0.13408211604817,-0.209699860036761,-0.544068044350276,0.52,0.677777777777778,0.806451612903226,0.75609756097561,0.272727272727273,0,0.338888888888889,0.338888888888889,0.515151515151515,1.50546792454443,-1.38142857142857,-6.10485714285714,-5.56514285714286,-11.1231428571429,-1.68434939404058,-2.01531113358907,-9.24336251829937,5.48857142857143,6.99448979591837,5.52734693877551,16.5887755102041,19.8226530612245,10.794348574562,7.54404761904762,38.3897959183673,20.0755102040816,-1.39020408163265,30.4666666666667,1.7,3.7795918367347,2.07653061224489,0.0418367346938565,-0.419387755102065,-1.78163265306126,-1.76530612244902,-2.14081632653065,-1.63979591836738,210.469387755102,196.583673469388,118.369387755102,152.09081632653,335.547959183674,422.690816326532,420.740816326532,436.391836734696,18.4469387755102,20.1826530612245,20.1102040816327,14.6275510204081,13.3642857142857,13.3857142857142,12.8081632653061,12.4357142857142
XRD170,170,4923,0.13,0.27,0,0.02,0.01,0,0,0,0,0.07,0.21,0,0.13,0.05,0,0,0,0,0.07,0.03,0.01,0,0,0.604838709677419,0.346938775510204,1.42857142857143,0.428571428571428,0.764705882352941,0.11,0.11340206185567,0.25,0.171875,0.25,0.221848749616356,-0.0579919469776867,0.544068044350276,1,0.089610774266557,-0.128029813585442,-0.380211241711606,0.533333333333333,0.606741573033708,0.75,0.675,0.259259259259259,0,0.303370786516854,0.303370786516854,0.49,3.06758150720103,-0.707500000000001,-5.2475,-4.7275,-10.005,-0.552230286207121,-3.24405430701503,-8.12568237419435,5.9,7.486,5.5198,15.787,19.3024,12.2614499433957,8.25833333333333,36.385,20.338,-1.6002,28.2117647058824,1.657,3.154,0.874,-1.797,-2.151,-3.938,-3.904,-4.387,-3.814,214.937,223.851,170.775,168.34,403.484,495.915,474.121,499.269,18.382,19.565,19.918,12.371,10.983,11.481,10.652,10.253
XRD180,180,5057,0.122448979591837,0.285714285714286,0,0.0204081632653061,0.0102040816326531,0,0,0,0,0.0714285714285714,0.204081632653061,0,0.112244897959184,0.0612244897959184,0,0,0.0102040816326531,0,0.0612244897959184,0.0306122448979592,0.0102040816326531,0,0,0.623931623931624,0.545454545454545,1.48148148148148,0.5,0.78125,0.102040816326531,0.105263157894737,0.25,0.153846153846154,0.241379310344828,0.217483944213906,-0.0321846833714013,0.460730838531493,1.02040816326531,0.0821867561873501,-0.140618940893462,-0.402487636422758,0.518518518518518,0.636363636363636,0.740740740740741,0.7,0.24,0,0.318181818181818,0.318181818181818,0.44,2.84002393104399,-0.707500000000001,-5.2475,-4.7275,-10.005,-0.745573953225354,-3.44917992654352,-8.36181832366553,5.9,7.31795918367347,5.33581632653061,16.215306122449,19.4544897959184,12.2858623000116,8.25833333333333,36.919387755102,20.5357142857143,-1.83489795918367,29.125,1.7,3.36938775510204,1.26122448979592,-0.932653061224506,-1.10510204081634,-2.71020408163268,-2.68469387755105,-3.09897959183676,-2.58061224489798,210.469387755102,243.316326530612,184.516326530612,180.742857142857,387.283673469388,482.680612244899,463.576530612246,483.685714285715,18.4469387755102,19.8224489795918,20.1877551020408,13.5438775510204,12.5989795918367,12.7183673469387,12.1255102040816,11.7
XRD190,190,5173,0.112244897959184,0.275510204081633,0,0.0102040816326531,0.0102040816326531,0,0,0,0,0.0714285714285714,0.224489795918367,0,0.0918367346938776,0.0816326530612245,0,0,0.0102040816326531,0,0.0714285714285714,0.0306122448979592,0.0102040816326531,0,0,0.616666666666667,0.41304347826087,1.31034482758621,0.428571428571428,0.75,0.112244897959184,0.114583333333333,0.289473684210526,0.159420289855072,0.218181818181818,0.255272505103306,0.0669467896306133,0.421005312740731,1.03061224489796,0.11539341870207,-0.109144469425068,-0.434923574925208,0.461538461538462,0.67816091954023,0.758620689655172,0.710526315789474,0.28,0,0.339080459770115,0.339080459770115,0.455445544554455,2.91468822939759,0.533947368421053,-3.66815789473684,-3.18447368421053,-7.94526315789474,-0.60618670954508,-2.53167984126182,-8.1266845056149,6.65789473684211,7.49244897959184,5.51857142857143,16.7479591836735,19.2418367346939,13.5829187736941,9.57412280701755,37.2520408163265,20.7448979591837,-2.88908163265306,27.4,1.65,3.11224489795919,1.39183673469387,-0.194897959183684,-0.207142857142867,-1.56836734693879,-1.55408163265308,-1.81938775510206,-1.40102040816328,215.664285714286,297.302040816327,243.99081632653,241.219387755102,399.292857142858,493.593877551021,476.513265306123,489.454081632653,18.3714285714286,19.6602040816327,19.85,14.7112244897959,14.0887755102041,14.0408163265306,13.7112244897959,13.1867346938775
XRD200,200,5289,0.0970873786407767,0.194174757281553,0,0.0194174757281553,0.0194174757281553,0,0,0.00970873786407767,0,0.0679611650485437,0.203883495145631,0,0.087378640776699,0.135922330097087,0,0,0.029126213592233,0,0.0776699029126214,0.0485436893203883,0.00970873786407767,0,0,0.640776699029126,0.891891891891892,1.07142857142857,0.625,0.633333333333333,0.135922330097087,0.142857142857143,0.35,0.194444444444444,0.230769230769231,0.109144469425068,0.0299632233774433,0.183644396946127,0.970873786407767,0.160579092877434,0.0652667315125915,-0.382334935341462,0.482758620689655,0.685393258426966,0.75,0.666666666666667,0.32,0,0.342696629213483,0.342696629213483,0.37,4.61972228693129,2.4375,-1.2465,-0.818499999999997,-4.787,0.505192846775385,-1.28319966379651,-7.09007717220041,7.82,8.14572815533981,5.69543689320388,17.3339805825243,19.8734951456311,16.7131049825056,11.5916666666667,38.0611650485437,22.8563106796116,1.81922330097087,20.96,1.61941747572816,2.13106796116504,0.900970873786403,-0.156310679611653,0.345631067961159,-0.83300970873786,-0.805825242718443,-1.22912621359223,-1.11553398058252,218.841747572816,426.056310679611,422.887378640776,426.868932038834,486.722330097087,685.347572815533,639.199999999999,655.643689320387,18.3252427184466,18.5893203883495,18.678640776699,14.9766990291262,14.504854368932,13.5834951456311,13.4961165048544,12.4854368932039
XRD210,210,5403,0.099009900990099,0.257425742574257,0,0.0099009900990099,0.0099009900990099,0,0,0,0,0.0792079207920792,0.237623762376238,0,0.0792079207920792,0.0891089108910891,0,0,0.0099009900990099,0,0.0792079207920792,0.0396039603960396,0.0099009900990099,0,0,0.716981132075472,1.7,1.125,0.5,0.684210526315789,0.128712871287129,0.131313131313131,0.333333333333333,0.178082191780822,0.196428571428571,0.279840696594043,0.1249387366083,0.391206626013069,0.990099009900991,0.146128035678238,-0.0752509524191924,-0.443697499232713,0.428571428571428,0.693181818181818,0.75,0.722222222222222,0.307692307692308,0,0.346590909090909,0.346590909090909,0.3,3.29401032101885,1.91333333333333,-1.91333333333333,-1.47,-5.65666666666667,-0.25850869207638,-1.68248237421028,-7.67073476977818,7.5,7.62544554455445,5.51188118811881,17.1930693069307,19.4688118811881,15.1215176506162,11.0361111111111,37.5089108910891,21.8049504950495,-2.65970297029703,23.7684210526316,1.61188118811881,2.86633663366336,1.56633663366336,0.422772277227721,0.468316831683164,-0.656435643564357,-0.645544554455446,-0.791089108910894,-0.466336633663371,219.624752475248,319.951485148515,275.839603960396,273.20396039604,389.732673267327,486.740594059406,471.682178217822,478.19801980198,18.3138613861386,19.4841584158416,19.5386138613861,15.7821782178218,15.2693069306931,15.0306930693069,14.9277227722772,14.370297029703
XRD220,220,5517,0.101010101010101,0.191919191919192,0,0.0101010101010101,0.0101010101010101,0,0,0,0,0.101010101010101,0.212121212121212,0,0.0909090909090909,0.111111111111111,0,0.0101010101010101,0.0101010101010101,0,0.0909090909090909,0.0505050505050505,0.0101010101010101,0,0,0.610619469026549,0.568181818181818,0.935483870967742,0.555555555555556,0.67741935483871,0.151515151515152,0.154639175257732,0.333333333333333,0.223880597014925,0.2,0.204119982655925,0.132625565274591,0.273001272063738,1.01010101010101,0.127578832774508,0.0321846833714013,-0.301029995663981,0.424242424242424,0.630952380952381,0.67741935483871,0.655172413793103,0.310344827586207,0,0.315476190476191,0.31547619047619,0.44,4.4464541313306,1.91333333333334,-1.91333333333333,-1.47,-5.65666666666666,0.592721719055595,-2.19499685044033,-6.80895499388047,7.5,7.49121212121212,5.31222222222222,16.7838383838384,19.4405050505051,15.5450236036721,11.0361111111111,36.3484848484848,22.5717171717172,-2.15333333333333,23.3935483870968,1.55454545454545,1.99090909090909,0.78888888888889,-0.470707070707069,-0.228282828282828,-1.24747474747474,-1.38080808080808,-1.51515151515151,-1.28484848484848,225.581818181818,378.651515151515,371.166666666666,371.255555555555,471.789898989899,619.443434343434,599.125252525252,599.683838383838,18.2272727272727,18.5777777777778,18.5050505050505,15.0909090909091,14.4727272727273,13.8060606060606,13.8787878787879,13.0888888888889
XRD230,230,5601,0.1,0.21,0,0.02,0.01,0,0,0,0,0.08,0.21,0,0.09,0.11,0,0.01,0.01,0,0.07,0.07,0.01,0,0,0.626168224299065,0.85,1.06896551724138,1,0.68,0.15,0.154639175257732,0.348837209302326,0.217391304347826,0.214285714285714,0.1249387366083,-0.0280287236002434,0.191885526238913,0.99,0.143090998952756,0,-0.367976785294594,0.516129032258064,0.647058823529412,0.724137931034483,0.67741935483871,0.28,0,0.323529411764706,0.323529411764706,0.404040404040404,4.89541179642063,2.40093023255814,-1.29302325581395,-0.863953488372092,-4.84767441860465,0.81995645763003,-1.76639569893536,-6.68937134687743,7.79767441860465,8.236,5.3321,17.317,19.8436,16.5803339252195,11.5529069767442,37.619,24.757,-1.2329,23.536,1.657,2.35,1.177,-0.171,0.092,-0.895,-1.028,-1.111,-0.852999999999999,214.937,361.245,348.255,343.216,452.836,571.557,557.463,559.283,18.382,19.107,18.958,15.448,14.906,14.335,14.433,13.743
XRD240,240,5683,0.1,0.22,0,0.02,0.02,0,0,0.01,0,0.07,0.21,0,0.08,0.14,0,0.01,0.01,0,0.06,0.04,0.01,0,0,0.611111111111111,0.69047619047619,1.14285714285714,0.666666666666667,0.655172413793103,0.11,0.115789473684211,0.297297297297297,0.159420289855072,0.235294117647059,0.116505569071437,0.034762106259212,0.176091259055681,1,0.119609903103233,0.0217192496932363,-0.403019534201313,0.48,0.685393258426966,0.75,0.6875,0.260869565217391,0,0.342696629213483,0.342696629213483,0.42,3.73888710757548,0.779999999999999,-3.35513513513514,-2.87864864864865,-7.53702702702703,-0.197223767770743,-2.41517837725767,-7.90446169505002,6.80810810810811,7.574,5.3407,17.29,19.8436,14.6580059738051,9.83490990990991,38.199,21.934,1.5308,22.1655172413793,1.706,2.484,1.084,0.194,0.745,-0.576,-0.711000000000001,-1.181,-1.001,209.846,422.834,409.55,413.824,472.979,673.38,624.569,644.933,18.456,18.894,19.118,15.305,14.945,14.082,13.922,12.834
XRD250,250,5766,0.09,0.2,0,0.01,0.02,0,0,0,0,0.09,0.21,0,0.08,0.14,0,0,0.01,0,0.09,0.05,0.01,0,0,0.596491228070175,0.478260869565217,0.966666666666667,0.555555555555556,0.709677419354839,0.15,0.154639175257732,0.365853658536585,0.211267605633803,0.188679245283019,0.159700842867512,0.141329152796469,0.198367653766833,0.99,0.157123419979701,0.0636690798693773,-0.357511351616429,0.419354838709677,0.682352941176471,0.7,0.689655172413793,0.333333333333333,0,0.341176470588235,0.341176470588235,0.464646464646465,4.6983106539309,2.93609756097561,-0.612195121951219,-0.198780487804875,-3.95975609756097,0.702808159536485,-1.37867990596086,-6.76237177002177,8.12439024390244,7.774,5.5026,17.306,19.6352,17.0361590395005,12.1201219512195,37.365,22.88,-3.5761,25.1741935483871,1.559,2.098,1.161,0.26,0.804,-0.404999999999999,-0.379,-0.468999999999999,-0.335999999999999,225.119,444.158,435.245,436.284,479.922,641.875,596.141,593.541,18.234,18.7,18.627,16.092,15.808,15.186,15.133,14.092
XRD260,260,5849,0.0909090909090909,0.191919191919192,0,0.0101010101010101,0.0202020202020202,0,0,0.0101010101010101,0,0.0707070707070707,0.212121212121212,0,0.0707070707070707,0.151515151515152,0,0.0101010101010101,0.0101010101010101,0,0.0909090909090909,0.0505050505050505,0.0101010101010101,0,0,0.601851851851852,0.604651162790698,1,0.555555555555556,0.67741935483871,0.151515151515151,0.157894736842105,0.384615384615385,0.211267605633803,0.2,0.136837959908008,0.1249387366083,0.176091259055681,1.01010101010101,0.172160965427249,0.0894004112293109,-0.397940008672038,0.428571428571429,0.702380952380952,0.75,0.678571428571428,0.36,0,0.351190476190476,0.351190476190476,0.43,4.92886560942686,3.52615384615385,0.138461538461538,0.534615384615387,-2.98076923076923,0.819462135716074,-0.963192525245113,-6.66766274610985,8.48461538461538,8.35787878787879,5.8810101010101,17.7171717171717,19.6227272727273,17.8809729825422,12.7455128205128,38.0131313131313,23.1424242424242,0.849191919191919,23.3935483870968,1.55454545454545,1.99090909090909,1.04242424242424,0.385858585858587,1.03535353535354,-0.0232323232323207,-0.159595959595956,-0.468686868686867,-0.369696969696967,225.581818181818,471.172727272728,467.796969696971,469.514141414143,497.628282828284,675.717171717173,632.479797979799,648.157575757577,18.2272727272727,18.5777777777778,18.5050505050505,15.7272727272727,15.5636363636364,14.7030303030303,14.7535353535354,13.6818181818182
XRD270,270,5932,0.0792079207920792,0.207920792079208,0,0.0099009900990099,0.0297029702970297,0,0,0.0099009900990099,0,0.0792079207920792,0.198019801980198,0,0.0495049504950495,0.178217821782178,0,0.0099009900990099,0.0099009900990099,0,0.0891089108910891,0.0396039603960396,0.0099009900990099,0,0,0.622641509433962,0.775,1.03571428571429,0.444444444444444,0.666666666666667,0.138613861386139,0.145833333333333,0.388888888888889,0.189189189189189,0.18,0.136837959908008,0.276206411938949,0.11997531707675,1,0.149298082467745,0.103896133868722,-0.408663874063811,0.346153846153846,0.735632183908046,0.714285714285714,0.724137931034483,0.36,0,0.367816091954023,0.367816091954023,0.396039603960396,4.55496210065493,3.66055555555556,0.309444444444443,0.701666666666668,-2.75777777777778,0.482222411743678,-1.59489398141621,-7.06528050788602,8.56666666666667,7.79475247524753,5.68920792079208,18.0534653465347,19.8260396039604,18.0442764013456,12.887962962963,38.3613861386139,22.2108910891089,-0.895346534653465,22.8,1.56336633663366,2.2029702970297,1.45445544554456,1.45148514851485,2.45346534653465,1.28613861386139,1.15049504950495,0.859405940594058,0.871287128712873,224.665346534653,531.039603960396,521.733663366336,526.835643564356,486.69603960396,701.024752475247,634.539603960395,645.026732673267,18.2405940594059,18.6970297029703,18.7465346534653,17.1712871287129,17.5673267326733,16.2306930693069,16.3346534653465,15
XRD280,280,6056,0.08,0.25,0,0.02,0.02,0,0,0.01,0,0.06,0.2,0,0.07,0.15,0,0.01,0.02,0,0.07,0.04,0,0,0,0.568965517241379,0.32,1.26923076923077,0.571428571428571,0.666666666666667,0.11,0.115789473684211,0.333333333333333,0.150684931506849,0.192307692307692,0.10354059190707,0.0725506671486117,0.152610163206158,0.99,0.146128035678238,0.0109953843014632,-0.507084478097106,0.458333333333333,0.730337078651685,0.769230769230769,0.757575757575758,0.333333333333333,0,0.365168539325843,0.365168539325843,0.505050505050505,3.81239852809744,1.91333333333333,-1.91333333333333,-1.47,-5.65666666666667,-0.153531794726825,-1.68248237421028,-7.87723524300485,7.5,7.687,5.7075,17.943,20.2044,16.1075641361304,11.0361111111111,39.431,22.464,1.772,22.8,1.657,2.886,1.955,1.337,2.077,1.21,1.066,0.708999999999999,0.811,214.937,452.841,421.263,459.904,492.435,667.281,642.972,654.891,18.382,19.371,19.042,16.609,16.651,15.522,15.549,14.418
XRD290,290,6182,0.0882352941176471,0.205882352941176,0,0.0196078431372549,0.0294117647058824,0,0,0.00980392156862745,0,0.0784313725490196,0.196078431372549,0,0.0588235294117647,0.166666666666667,0,0.00980392156862745,0.0196078431372549,0,0.0686274509803922,0.0392156862745098,0.00980392156862745,0,0,0.619047619047619,0.725,1.07142857142857,0.571428571428571,0.645161290322581,0.117647058823529,0.125,0.333333333333333,0.166666666666667,0.22,0.112704280191288,0.176091259055681,0.109144469425068,0.980392156862745,0.122215878272827,0.082974235064764,-0.382334935341462,0.4,0.711111111111111,0.714285714285714,0.7,0.291666666666667,0,0.355555555555556,0.355555555555556,0.4,4.0459667313154,1.91333333333333,-1.91333333333333,-1.47,-5.65666666666667,0.0154806934024171,-2.3431752833218,-7.66079663546053,7.5,7.45333333333333,5.33696078431373,17.7411764705882,20.0405882352941,16.0563116275568,11.0361111111111,38.3352941176471,21.9970588235294,-0.0543137254901964,21.6129032258065,1.66372549019608,2.29019607843137,1.19999999999999,0.987254901960779,1.86764705882353,0.60098039215686,0.467647058823526,0.0705882352941131,0.109803921568622,214.238235294118,490.030392156864,485.453921568629,492.46274509804,471.734313725491,717.511764705884,647.957843137256,659.352941176471,18.3921568627451,18.6598039215686,18.8745098039216,16.6166666666667,16.7637254901961,15.0892156862745,15.1862745098039,13.8862745098039
XRD300,300,6308,0.099009900990099,0.227722772277228,0,0.0198019801980198,0.0198019801980198,0,0,0.0099009900990099,0,0.0693069306930693,0.217821782178218,0,0.0594059405940594,0.148514851485149,0,0.0099009900990099,0.0099009900990099,0,0.0693069306930693,0.0297029702970297,0.0099009900990099,0,0,0.610619469026549,0.522727272727273,1.13793103448276,0.428571428571428,0.65625,0.108910891089109,0.114583333333333,0.314285714285714,0.152777777777778,0.24,0.176091259055681,0.191885526238913,0.20712549279565,0.98019801980198,0.1249387366083,0.0314084642516241,-0.42276359239707,0.391304347826087,0.711111111111111,0.758620689655172,0.696969696969697,0.291666666666667,0,0.355555555555556,0.355555555555556,0.444444444444444,3.36364589448762,1.31428571428571,-2.67542857142857,-2.21457142857142,-6.65057142857143,-0.426496849948339,-2.26794270751267,-8.06315798065059,7.13428571428572,7.48287128712871,5.52039603960396,17.5613861386139,19.8537623762376,14.9739215881016,10.4011904761905,38.0831683168317,20.9524752475247,0.993663366336633,22.225,1.66039603960396,2.58514851485149,1.12970297029703,0.732673267326736,1.38019801980199,0.0792079207920788,-0.0683168316831682,-0.533663366336634,-0.372277227722771,214.584158415842,448.947524752476,429.997029702971,436.286138613862,475.258415841585,679.762376237626,629.598019801982,648.448514851487,18.3871287128713,18.8891089108911,19.2326732673267,16.0079207920792,15.8772277227723,14.9544554455446,14.8415841584158,13.6693069306931
XRD310,310,6435,0.102040816326531,0.23469387755102,0,0.0102040816326531,0.0408163265306122,0,0,0.0102040816326531,0,0.0714285714285714,0.204081632653061,0,0.0612244897959184,0.153061224489796,0,0,0.0102040816326531,0,0.0612244897959184,0.0408163265306122,0,0,0,0.584070796460177,0.404255319148936,1.22222222222222,0.666666666666667,0.647058823529412,0.102040816326531,0.108695652173913,0.303030303030303,0.144927536231884,0.234042553191489,0.12057393120585,0.113943352306837,0.136219747017989,1.02040816326531,0.122215878272827,0.0314084642516241,-0.403019534201313,0.434782608695652,0.727272727272727,0.740740740740741,0.696969696969697,0.260869565217391,0,0.363636363636364,0.363636363636364,0.47,3.49591102745414,0.960303030303031,-3.12575757575758,-2.65454545454545,-7.23787878787879,-0.418987209388204,-2.3431752833218,-8.15830729634861,6.91818181818182,7.23122448979592,5.33581632653061,17.5734693877551,19.4259183673469,14.8543269724627,10.0260101010101,38.0112244897959,21.9551020408163,-2.88755102040816,21.7176470588235,1.7,2.56530612244898,1.21938775510203,0.670408163265288,1.39999999999998,0.0316326530612054,0.0346938775510024,-0.303061224489818,-0.185714285714307,210.469387755102,453.613265306123,433.051020408164,473.851020408164,444.007142857144,611.557142857144,545.62142857143,565.511224489797,18.4469387755102,19.1377551020408,18.6295918367347,15.8642857142857,16.0051020408163,14.6438775510204,14.4704081632653,13.4510204081632
XRD320,320,6562,0.0909090909090909,0.212121212121212,0,0.0101010101010101,0.0404040404040404,0,0,0.0202020202020202,0,0.0707070707070707,0.181818181818182,0,0.0505050505050505,0.202020202020202,0,0,0.0202020202020202,0,0.0606060606060606,0.0303030303030303,0.0101010101010101,0,0,0.586538461538462,0.511627906976744,1.2,0.5,0.657142857142857,0.101010101010101,0.108695652173913,0.32258064516129,0.140845070422535,0.227272727272727,0.0442036624920534,0.210853365314893,0.0184834056940131,1.01010101010101,0.110412483411704,0.103896133868723,-0.386944624370574,0.380952380952381,0.752808988764045,0.72,0.7,0.272727272727273,0,0.376404494382023,0.376404494382022,0.43,3.92893045106136,1.57516129032258,-2.34354838709678,-1.89032258064516,-6.21774193548388,-0.18856230219418,-2.66930308333463,-8.029696378102,7.29354838709677,7.31646464646465,5.33828282828283,17.8444444444444,19.6227272727273,16.0285431092303,10.677688172043,38.6464646464646,21.1606060606061,1.91383838383838,22.2742857142857,1.7030303030303,2.26161616161616,1.14545454545454,1.17575757575758,2.42525252525252,0.949494949494949,0.966666666666667,0.346464646464646,0.301010101010101,210.154545454545,565.284848484848,562.630303030303,572.438383838384,504.107070707071,753.633333333333,657.894949494949,691.041414141414,18.4515151515151,18.6484848484848,18.8282828282828,16.2181818181818,16.7737373737374,15.4242424242424,15.2212121212121,13.7212121212121
XRD330,330,6688,0.0891089108910891,0.207920792079208,0,0.0099009900990099,0.0396039603960396,0,0,0.0198019801980198,0,0.0495049504950495,0.207920792079208,0,0.118811881188119,0.118811881188119,0,0.0099009900990099,0.0297029702970297,0,0.0594059405940594,0.0297029702970297,0.0099009900990099,0,0,0.574074074074074,0.456521739130435,1.15384615384615,0.5,0.636363636363636,0.099009900990099,0.106382978723404,0.27027027027027,0.149253731343284,0.2,0.0737862141609187,-0.134698573897456,0.255272505103306,0.99009900990099,0.147801619567804,0.0241336797167193,-0.477121254719662,0.576923076923077,0.692307692307692,0.807692307692308,0.7,0.3,0,0.346153846153846,0.346153846153846,0.46,3.68950450613312,-0.0700000000000021,-4.43648648648649,-3.93513513513514,-8.9472972972973,-0.340540729841108,-1.63624125134157,-8.15346590122308,6.28918918918919,7.87990099009901,5.71475247524753,16.9574257425743,19.6474257425743,13.8641515420358,8.93400900900901,39.5544554455446,21.3930693069307,3.44574257425743,21.1272727272727,1.70891089108911,2.2029702970297,1.13465346534654,-0.421782178217825,-0.121782178217825,-1.68415841584159,-1.77425742574258,-2.57722772277228,-2.47128712871288,209.543564356436,373.893069306931,365.433663366337,373.330693069307,386.686138613862,685.470297029704,596.686138613862,633.190099009902,18.460396039604,18.5742574257426,18.7465346534653,13.8207920792079,13.0920792079208,10.8881188118812,10.7445544554455,9.76732673267325
XRD340,340,6815,0.102040816326531,0.244897959183673,0,0.0204081632653061,0.0306122448979592,0,0,0.0102040816326531,0,0.0510204081632653,0.23469387755102,0,0.0918367346938776,0.122448979591837,0,0,0.0204081632653061,0,0.0510204081632653,0.0204081632653061,0,0,0,0.609090909090909,0.534883720930233,1.21428571428571,0.4,0.647058823529412,0.0714285714285714,0.0760869565217391,0.225806451612903,0.102941176470588,0.25531914893617,0.156786103860295,-0.041392685158225,0.301029995663981,1.02040816326531,0.141329152796469,-0.0228628829595042,-0.496006598880036,0.523809523809524,0.714285714285714,0.821428571428571,0.705882352941177,0.25,0,0.357142857142857,0.357142857142857,0.43,2.27971844328604,-1.46838709677419,-6.21548387096774,-5.67322580645161,-11.2674193548387,-1.34122631286634,-1.81507550823355,-9.17782224667805,5.43548387096774,7.11183673469388,5.53612244897959,17.0826530612245,19.8226530612245,11.7008372565932,7.45188172043011,38.9816326530612,20.1979591836735,0.138877551020409,21.7176470588235,1.75,2.82244897959183,1.19795918367345,0.0632653061224305,0.371428571428555,-1.115306122449,-1.10000000000002,-1.68775510204084,-1.50612244897961,205.274489795918,376.261224489797,349.172448979593,394.191836734695,436.314285714287,665.690816326532,607.50918367347,628.187755102042,18.5224489795918,19.0469387755102,18.9673469387755,14.8602040816326,14.1561224489796,12.7908163265306,12.4459183673469,11.3877551020408
XRD350,350,6943,0.1,0.21,0,0.02,0.03,0,0,0.01,0,0.07,0.2,0,0.1,0.13,0,0.01,0.02,0,0.06,0.03,0.01,0,0,0.581818181818182,0.434782608695652,1.14814814814815,0.5,0.636363636363636,0.1,0.106382978723404,0.263157894736842,0.151515151515151,0.235294117647059,0.10354059190707,0,0.210853365314893,0.99,0.105510184769974,0.0330002601029253,-0.382334935341462,0.5,0.666666666666667,0.740740740740741,0.67741935483871,0.260869565217391,0,0.333333333333333,0.333333333333333,0.464646464646465,3.52079718431245,-0.293684210526317,-4.72105263157895,-4.21315789473684,-9.31842105263158,-0.414931794726825,-2.80475359480562,-8.18543524300485,6.15263157894737,7.315,5.3407,16.828,19.8436,13.4259501010427,8.6969298245614,38.199,20.953,0.521399999999999,21.1272727272727,1.706,2.35,0.889,-0.359,0.0879999999999995,-1.501,-1.615,-2.213,-2.049,209.846,399.935,391.298,398.932,442.732,711.269,636.721,656.321,18.456,18.611,18.958,14.563,13.971,12.33,12.136,11.009
XRD360,360,7075,0.0909090909090909,0.222222222222222,0,0.0202020202020202,0.0303030303030303,0,0,0.0101010101010101,0,0.0707070707070707,0.181818181818182,0,0.0707070707070707,0.181818181818182,0,0,0.0202020202020202,0,0.0606060606060606,0.0404040404040404,0,0,0,0.568807339449541,0.361702127659574,1.24,0.666666666666667,0.638888888888889,0.101010101010101,0.10752688172043,0.303030303030303,0.142857142857143,0.229166666666667,0.0289636959353165,0.0725506671486117,0.0377885608893998,1.01010101010101,0.119186407719209,0.0734289171585336,-0.397940008672038,0.458333333333333,0.719101123595506,0.72,0.709677419354839,0.272727272727273,0,0.359550561797753,0.359550561797753,0.47,3.97910917738009,0.960303030303031,-3.12575757575758,-2.65454545454545,-7.23787878787879,-0.137203614897976,-2.42687955471826,-7.99769244833285,6.91818181818182,7.23060606060606,5.33828282828283,17.6040404040404,20.0154545454545,15.3667030183307,10.0260101010101,38.6464646464646,22.1515151515152,0.13010101010101,21.2666666666667,1.7030303030303,2.51616161616161,1.34242424242424,0.764646464646464,1.8020202020202,0.593939393939393,0.606060606060606,0.213131313131311,0.239393939393938,210.154545454545,519.024242424243,508.59393939394,551.968686868687,547.526262626263,751.984848484849,696.507070707072,709.113131313132,18.4515151515151,18.9343434343434,18.6010101010101,16.1181818181818,16.2515151515151,15.2060606060606,14.989898989899,13.5747474747475
XRD370,370,7273,0.0909090909090909,0.222222222222222,0,0.0101010101010101,0.0303030303030303,0,0,0.0101010101010101,0,0.0808080808080808,0.181818181818182,0,0.0606060606060606,0.171717171717172,0,0,0.0202020202020202,0,0.0707070707070707,0.0404040404040404,0.0101010101010101,0,0,0.566371681415929,0.346938775510204,1.19230769230769,0.571428571428571,0.657142857142857,0.121212121212121,0.127659574468085,0.342857142857143,0.169014084507042,0.204081632653061,0.0871501757189001,0.176091259055681,0.0757207139381183,1.02020202020202,0.113943352306837,0.0621479067488445,-0.371611069949689,0.4,0.724137931034483,0.692307692307692,0.709677419354839,0.291666666666667,0,0.362068965517241,0.362068965517241,0.485148514851485,4.27330531218448,2.21285714285714,-1.53228571428571,-1.09771428571428,-5.15971428571428,0.194788756312155,-2.5717451757621,-7.49725779325211,7.68285714285714,7.46191919191919,5.32959595959596,17.6454545454545,19.6227272727273,16.5631690672042,11.3535714285714,38.0606060606061,22.030303030303,-1.02767676767677,22.2742857142857,1.65353535353535,2.39696969696969,1.34242424242424,0.954545454545454,1.92525252525253,0.627272727272727,0.646464646464647,0.304040404040403,0.361616161616161,215.29696969697,503.073737373738,489.273737373738,493.224242424243,483.760606060607,676.418181818183,609.416161616163,625.047474747476,18.3767676767677,18.9343434343434,18.989898989899,16.3626262626263,16.7343434343434,15.679797979798,15.5959595959596,14.3767676767677
